marca,modelo,ano_vehic,km,combustible,puertas,cv,transmision,ubicacion,precio,idade,km_era_ausente,marca_agrupada,possivel_classico
SEAT,LEON 1. 9 TDI 150CV SPORT FORMULA RACING,2004.0,241665.0,diesel,5.0,150.0,manual,ALICANTE,3900,17.0,0,SEAT,0
AUDI,A6,2005.0,188212.0,diesel,5.0,140.0,manual,ALMERíA,5700,16.0,0,AUDI,0
MERCEDES-BENZ,CLASE E E 220 D,2017.0,114000.0,diesel,4.0,194.0,automatico,ASTURIAS,33900,4.0,0,MERCEDES-BENZ,0
OPEL,CROSSLAND X,2020.0,2553.0,gasolina,5.0,110.0,manual,CANTABRIA,14490,1.0,0,OPEL,0
RENAULT,CLIO DYNAMIQUE ENERGY DCI 90 SS ECO2,2014.0,104500.0,diesel,5.0,90.0,manual,MADRID,6900,7.0,0,RENAULT,0
CITROEN,BERLINGO TALLA M BLUEHDI 100 LIVE,2018.0,68000.0,diesel,4.0,100.0,manual,BARCELONA,12700,3.0,0,CITROEN,0
OPEL,CROSSLAND X,2020.0,10.0,gasolina,5.0,110.0,manual,CANTABRIA,15490,1.0,0,OPEL,0
OPEL,ASTRA 1. 2T SHL 81KW 110CV GS LINE,2019.0,2175.0,gasolina,5.0,110.0,manual,CANTABRIA,13990,2.0,0,OPEL,0
OPEL,ASTRA 1. 2T SHL 81KW 110CV GS LINE ST,2020.0,10.0,gasolina,5.0,110.0,manual,CANTABRIA,14990,1.0,0,OPEL,0
SUZUKI,IGNIS 1. 2 GLE MILD HYBRID,2020.0,5.0,híbrido,5.0,90.0,manual,CANTABRIA,11990,1.0,0,SUZUKI,0
OPEL,CORSAE,2020.0,5.0,híbrido,5.0,136.0,automatico,CANTABRIA,23990,1.0,0,OPEL,0
OPEL,ASTRA 1. 5D DVH 90KW 122CV GS LINE,2021.0,10.0,diesel,5.0,122.0,manual,CANTABRIA,16490,0.0,0,OPEL,0
OPEL,KARL 1. 0 SELECTIVE,2016.0,95360.0,gasolina,5.0,75.0,manual,CANTABRIA,6490,5.0,0,OPEL,0
FIAT,PUNTO 1. 3 MULTIJET 16V 90 SPORT,2009.0,75000.0,diesel,5.0,90.0,manual,BARCELONA,5100,12.0,0,FIAT,0
FORD,TOURNEO COURIER 1. 5 TDCI 75CV TREND,2015.0,105000.0,diesel,5.0,75.0,manual,BARCELONA,8400,6.0,0,FORD,0
CITROEN,C4 PICASSO 1. 6 VTI 120CV SEDUCTION,2012.0,110000.0,gasolina,5.0,120.0,manual,ZARAGOZA,5900,9.0,0,CITROEN,0
AUDI,Q5 2. 0 TDI 140KW 190CV QUATTRO S TRONIC,2017.0,188000.0,diesel,5.0,190.0,automatico,ZARAGOZA,23958,4.0,0,AUDI,0
OPEL,CORSAE,2020.0,10.0,híbrido,5.0,136.0,automatico,CANTABRIA,24990,1.0,0,OPEL,0
BMW,SERIE 5 530DA XDRIVE TOURING,2013.0,207000.0,diesel,5.0,258.0,automatico,ASTURIAS,14900,8.0,0,BMW,0
CITROEN,C4 1. 6 EHDI 110CV EXCLUSIVE,2012.0,130000.0,diesel,5.0,112.0,manual,ZARAGOZA,6800,9.0,0,CITROEN,0
SSANGYONG,KORANDO D20T LINE 4X2,2014.0,110000.0,diesel,5.0,175.0,manual,BARCELONA,11800,7.0,0,OUTRAS,0
MERCEDES-BENZ,GLA GLA 200 D,2020.0,12000.0,diesel,5.0,150.0,automatico,ASTURIAS,33900,1.0,0,MERCEDES-BENZ,0
FORD,FIESTA 1. 4 TDCI TREND,2008.0,130000.0,diesel,5.0,68.0,manual,ZARAGOZA,3150,13.0,0,FORD,0
OPEL,ASTRA 1. 2T SHL 81KW 110CV GS LINE,2019.0,1790.0,gasolina,5.0,110.0,manual,CANTABRIA,13990,2.0,0,OPEL,0
OPEL,ASTRA 1. 2T SHL 81KW 110CV GS LINE,2019.0,14665.0,gasolina,5.0,110.0,manual,CANTABRIA,13990,2.0,0,OPEL,0
OPEL,ASTRA 1. 2T SHL 81KW 110CV GS LINE,2019.0,5215.0,gasolina,5.0,110.0,manual,CANTABRIA,13990,2.0,0,OPEL,0
OPEL,CROSSLAND X,2019.0,14860.0,gasolina,5.0,130.0,manual,CANTABRIA,13990,2.0,0,OPEL,0
OPEL,ASTRA 1. 2T SHL 81KW 110CV GS LINE,2019.0,10587.0,gasolina,5.0,110.0,manual,CANTABRIA,13990,2.0,0,OPEL,0
OPEL,ASTRA 1. 2T SHL 81KW 110CV GS LINE,2019.0,4578.0,gasolina,5.0,110.0,manual,CANTABRIA,13990,2.0,0,OPEL,0
CITROEN,C3 AIRCROSS,2018.0,22276.0,diesel,5.0,120.0,manual,BARCELONA,15450,3.0,0,CITROEN,0
OPEL,ASTRA 1. 4T SHT 107KW 145CV ELEGANCE CVT,2019.0,15.0,gasolina,5.0,145.0,automatico,CANTABRIA,16990,2.0,0,OPEL,0
OPEL,CROSSLAND X,2019.0,6664.0,gasolina,5.0,130.0,manual,CANTABRIA,13490,2.0,0,OPEL,0
OPEL,ASTRA 1. 5D DVH 90KW 122CV GS LINE,2019.0,7582.0,diesel,5.0,122.0,manual,CANTABRIA,14990,2.0,0,OPEL,0
OPEL,ASTRA 1. 2T SHL 81KW 110CV GS LINE,2019.0,8578.0,gasolina,5.0,110.0,manual,CANTABRIA,13990,2.0,0,OPEL,0
OPEL,GRANDLAND X PHEV,2019.0,5000.0,híbrido,5.0,200.0,automatico,CANTABRIA,33990,2.0,0,OPEL,0
OPEL,ASTRA 1. 5D DVC 77KW 105CV GS LINE,2019.0,7936.0,diesel,5.0,105.0,manual,CANTABRIA,13990,2.0,0,OPEL,0
OPEL,INSIGNIA GS BUSINESS ELEGANCE 1. 5D DVH 90KW AT8,2020.0,10.0,diesel,5.0,122.0,automatico,CANTABRIA,23990,1.0,0,OPEL,0
SUZUKI,SWIFT 1. 4 T SPORT MILD HYBRID,2020.0,6715.0,híbrido,5.0,129.0,manual,CANTABRIA,16990,1.0,0,SUZUKI,0
OPEL,CORSAE,2019.0,10070.0,híbrido,5.0,136.0,automatico,CANTABRIA,20990,2.0,0,OPEL,0
OPEL,CORSAE,2020.0,5.0,híbrido,5.0,136.0,automatico,CANTABRIA,19990,1.0,0,OPEL,0
RENAULT,KADJAR ZEN ENERGY DCI 130,2016.0,49000.0,diesel,5.0,130.0,manual,ZARAGOZA,15390,5.0,0,RENAULT,0
OPEL,GRANDLAND X,2020.0,10.0,diesel,5.0,130.0,manual,CANTABRIA,19990,1.0,0,OPEL,0
SUZUKI,SCROSS 1. 4 DITC GLX 4WD MID HYBRID,2020.0,9040.0,híbrido,5.0,129.0,manual,CANTABRIA,19990,1.0,0,SUZUKI,0
OPEL,ZAFIRA LIFE,2020.0,10.0,diesel,5.0,120.0,manual,CANTABRIA,49990,1.0,0,OPEL,0
BMW,SERIE 1 116D,2015.0,34326.0,diesel,5.0,116.0,manual,MADRID,13900,6.0,0,BMW,0
NISSAN,QASHQAI 1. 6 ACENTA 4X2,2008.0,180000.0,gasolina,5.0,115.0,manual,ZARAGOZA,5900,13.0,0,NISSAN,0
SUZUKI,ACROSS,2021.0,10.0,híbrido,5.0,306.0,automatico,CANTABRIA,39990,0.0,0,SUZUKI,0
OPEL,INSIGNIA ST 1. 6 CDTI 100KW TURBO D INNOVATION,2019.0,17500.0,diesel,5.0,136.0,manual,CANTABRIA,21990,2.0,0,OPEL,0
PEUGEOT,508 HYBRID,2020.0,7.0,híbrido,5.0,225.0,automatico,CANTABRIA,31900,1.0,0,PEUGEOT,0
PEUGEOT,308 5P STYLE 1. 6 BLUEHDI 88KW 120CV,2017.0,258000.0,diesel,5.0,120.0,manual,ZARAGOZA,6550,4.0,0,PEUGEOT,0
SEAT,LEON 1. 6 TDI 105CV STYLE COPA,2011.0,67000.0,diesel,5.0,105.0,manual,BARCELONA,7800,10.0,0,SEAT,0
SEAT,ALTEA 1. 4 TSI 125CV STYLE,2013.0,59000.0,gasolina,5.0,125.0,manual,ZARAGOZA,7350,8.0,0,SEAT,0
SMART,FORTWO COUPE 52 MHD BOCONCEPT,2015.0,33800.0,gasolina,3.0,71.0,manual,CANTABRIA,9490,6.0,0,OUTRAS,0
OPEL,MOKKA X 1. 6 CDTI 100KW 4X2 SS EXCELLENCE,2018.0,84285.0,diesel,5.0,136.0,manual,CANTABRIA,13500,3.0,0,OPEL,0
BMW,SERIE 2 M240IA XDRIVE,2017.0,54964.0,gasolina,2.0,340.0,automatico,PONTEVEDRA,39900,4.0,0,BMW,0
FORD,CMAX 1. 0 ECOBOOST 125 AUTO STARTSTOP EDITION,2014.0,45000.0,gasolina,5.0,125.0,manual,ZARAGOZA,7900,7.0,0,FORD,0
OPEL,CROSSLAND,2020.0,10.0,diesel,5.0,120.0,automatico,CANTABRIA,17490,1.0,0,OPEL,0
OPEL,MOKKA 1. 6 CDTI 4X2 SS SELECTIVE,2015.0,133400.0,diesel,5.0,136.0,manual,MADRID,9900,6.0,0,OPEL,0
RENAULT,LAGUNA EMOTION DCI 110 ECO2,2015.0,52000.0,diesel,5.0,110.0,manual,BARCELONA,9950,6.0,0,RENAULT,0
PEUGEOT,508 HYBRID,2020.0,30500.0,híbrido,5.0,225.0,automatico,CANTABRIA,26990,1.0,0,PEUGEOT,0
PEUGEOT,308 5P ALLURE 1. 5 BLUEHDI 96KW 130CV,2018.0,14500.0,diesel,5.0,130.0,manual,CANTABRIA,16990,3.0,0,PEUGEOT,0
PEUGEOT,E208,2020.0,21000.0,híbrido,5.0,136.0,automatico,CANTABRIA,21990,1.0,0,PEUGEOT,0
VOLKSWAGEN,PASSAT ALLTRACK 2. 0 TDI 190CV BMT 4MOTION DSG,2015.0,72628.0,diesel,5.0,190.0,automatico,MADRID,22900,6.0,0,VOLKSWAGEN,0
FORD,GALAXY 2. 0 TDCI 140CV DPF TITANIUM POWERSHIFT,2014.0,83232.0,diesel,5.0,140.0,automatico,MADRID,12500,7.0,0,FORD,0
PEUGEOT,206PLUS 1. 1 60CV GENERATION,2012.0,131184.0,gasolina,3.0,60.0,manual,MADRID,4200,9.0,0,PEUGEOT,0
FORD,MONDEO 2. 0 TDCI 140CV LIMITED EDITION,2015.0,85463.0,diesel,5.0,140.0,manual,MADRID,12500,6.0,0,FORD,0
SEAT,EXEO 1. 8 TSI 160 CV STYLE,2010.0,113200.0,gasolina,4.0,160.0,manual,MADRID,5900,11.0,0,SEAT,0
OPEL,ASTRA 1. 2T SHT 96KW 130CV GS LINE,2020.0,10.0,gasolina,5.0,130.0,manual,CANTABRIA,16490,1.0,0,OPEL,0
OPEL,ASTRA 1. 5D DVC 77KW 105CV 2020,2020.0,3000.0,diesel,5.0,105.0,manual,CANTABRIA,15990,1.0,0,OPEL,0
OPEL,CORSA 1. 5D DT 74KW 100CV ELEGANCE,2020.0,9049.0,diesel,5.0,102.0,manual,CANTABRIA,14990,1.0,0,OPEL,0
PEUGEOT,508 SW ALLURE BLUEHDI 96KW130CV SS EAT8,2019.0,31614.0,diesel,5.0,130.0,automatico,CANTABRIA,23990,2.0,0,PEUGEOT,0
TOYOTA,AVENSIS 2. 0 D4D SOL,2005.0,130000.0,diesel,4.0,116.0,manual,ZARAGOZA,3300,16.0,0,OUTRAS,0
PEUGEOT,308 5P GT LINE 1. 2 PURETECH 130 SS EAT6,2015.0,60321.0,gasolina,5.0,130.0,automatico,CANTABRIA,11990,6.0,0,PEUGEOT,0
OPEL,ASTRA 1. 2T SHT 96KW 130CV GS LINE,2020.0,6.0,gasolina,5.0,130.0,manual,CANTABRIA,15490,1.0,0,OPEL,0
SUZUKI,SWACE,2020.0,10.0,híbrido,5.0,122.0,manual,CANTABRIA,19990,1.0,0,SUZUKI,0
MERCEDES-BENZ,CLASE GLA GLA 220 D 4MATIC STYLE,2016.0,205680.0,diesel,5.0,177.0,automatico,SEVILLA,16890,5.0,0,MERCEDES-BENZ,0
FORD,KUGA 2. 0 TDCI 140 4X4 TITANIUM POWERSHIFT,2013.0,132669.0,diesel,5.0,140.0,automatico,MADRID,12900,8.0,0,FORD,0
CITROEN,C4 CACTUS BLUEHDI 100 SHINE,2015.0,113200.0,diesel,5.0,100.0,manual,MADRID,8500,6.0,0,CITROEN,0
CITROEN,C3 PICASSO PURETECH 110 COLLECTION,2015.0,49905.0,gasolina,5.0,110.0,manual,MADRID,9500,6.0,0,CITROEN,0
SEAT,CÓRDOBA,2006.0,250000.0,diesel,5.0,100.0,manual,CACERES,1990,15.0,0,SEAT,0
FORD,MUSTANG,1994.0,164000.0,gasolina,2.0,160.0,automatico,ALICANTE,2999,27.0,0,FORD,1
RENAULT,SCENIC CONFORT DYNAMIQUE 1. 9DCI,2004.0,150000.0,diesel,5.0,120.0,manual,VALLADOLID,4600,17.0,0,RENAULT,0
PEUGEOT,3008 HYBRID4,2012.0,84500.0,híbrido,5.0,200.0,automatico,ALBACETE,10999,9.0,0,PEUGEOT,0
MINI,MINI ONE,2008.0,135000.0,gasolina,3.0,95.0,manual,VALLADOLID,6900,13.0,0,OUTRAS,0
VOLKSWAGEN,GOLF 1. 9 TDI HIGHLINE DSG,2006.0,175000.0,diesel,5.0,105.0,manual,VALLADOLID,7500,15.0,0,VOLKSWAGEN,0
RENAULT,ESPACE PRIVILEGE 2. 2 DCI 16V,2006.0,145000.0,diesel,5.0,150.0,manual,PONTEVEDRA,4990,15.0,0,RENAULT,0
FORD,MONDEO 2. 0 TDCI 115 AMBIENTE,2003.0,190000.0,diesel,5.0,115.0,manual,VALLADOLID,4000,18.0,0,FORD,0
PORSCHE,PANAMERA 4 EHYBRID,2017.0,65000.0,híbrido,5.0,462.0,automatico,ZARAGOZA,89999,4.0,0,OUTRAS,0
TOYOTA,RAV4,2017.0,80000.0,híbrido,5.0,197.0,automatico,carrio,18300,4.0,0,OUTRAS,0
FORD,CMAX 1. 8 TDCI GHIA,2007.0,135000.0,diesel,5.0,115.0,manual,VALLADOLID,5900,14.0,0,FORD,0
PEUGEOT,5008 1. 2 PURETECH 96KW SS ALLURE PACK,2021.0,0.0,gasolina,5.0,130.0,manual,MALAGA,31200,0.0,1,PEUGEOT,0
MERCEDES-BENZ,CLASE V 250 D MARCO POLO LARGO,2017.0,74000.0,diesel,4.0,204.0,automatico,ALICANTE,56990,4.0,0,MERCEDES-BENZ,0
HYUNDAI,I30 1. 4 CRDI TECNO,2014.0,150000.0,diesel,5.0,90.0,manual,MADRID,8900,7.0,0,HYUNDAI,0
VOLKSWAGEN,GOLF 2. 0 TDI 140CV HIGHLINE,2006.0,180000.0,diesel,5.0,140.0,manual,VALLADOLID,6500,15.0,0,VOLKSWAGEN,0
PEUGEOT,208 5P ACCESS 1. 6 BLUEHDI 75,2016.0,98000.0,diesel,5.0,75.0,manual,CASTELLON,8300,5.0,0,PEUGEOT,0
RENAULT,LAGUNA CONFORT DYNAMIQUE 1. 9DCI 120CV,2005.0,169000.0,diesel,5.0,120.0,manual,ZARAGOZA,2999,16.0,0,RENAULT,0
VOLKSWAGEN,TIGUAN 2. 0 TDI 170CV 4X4 SPORT,2012.0,168000.0,diesel,5.0,170.0,manual,PONTEVEDRA,13300,9.0,0,VOLKSWAGEN,0
SEAT,LEON 1. 2 TSI 81KW 110CV STSP STYLE,2018.0,72255.0,gasolina,5.0,110.0,manual,MALAGA,11500,3.0,0,SEAT,0
VOLKSWAGEN,GOLF 2. 0 TDI 140CV DPF 4MOTION SPORT,2011.0,164000.0,diesel,5.0,140.0,manual,PONTEVEDRA,11000,10.0,0,VOLKSWAGEN,0
HYUNDAI,TUCSON 1. 6 CRDI 85KW 116CV 48V SLE 4X2,2020.0,10664.0,híbrido,5.0,116.0,manual,MALAGA,21400,1.0,0,HYUNDAI,0
HYUNDAI,IONIQ 1. 6 GDI HEV TECNO DCT,2019.0,8939.0,híbrido,5.0,141.0,automatico,MALAGA,18800,2.0,0,HYUNDAI,0
AUDI,A4 2. 5 TDI 180CV QUATTRO,2003.0,240000.0,diesel,4.0,180.0,manual,VALLADOLID,4900,18.0,0,AUDI,0
VOLKSWAGEN,TOURAN 2. 0 TDI 140CV SPORT,2011.0,149000.0,diesel,5.0,140.0,manual,PONTEVEDRA,11500,10.0,0,VOLKSWAGEN,0
AUDI,A6 2. 0 TDI,2008.0,178000.0,diesel,4.0,140.0,manual,PONTEVEDRA,8990,13.0,0,AUDI,0
MERCEDES-BENZ,CLASE GLC GLC 220 D 4MATIC,2017.0,85000.0,diesel,5.0,170.0,automatico,ALICANTE,34990,4.0,0,MERCEDES-BENZ,0
SMART,FORTWO COUPE 52 PASSION,2008.0,112000.0,gasolina,3.0,71.0,automatico,VALLADOLID,4900,13.0,0,OUTRAS,0
SEAT,LEON 1. 6 102CV SPORT,2006.0,159000.0,gasolina,5.0,102.0,manual,VALLADOLID,5850,15.0,0,SEAT,0
SUZUKI,JIMNY 1. 5D JLX HARD TOP,2005.0,199000.0,diesel,3.0,65.0,manual,MADRID,5999,16.0,0,SUZUKI,0
BMW,SERIE 1 118D,2011.0,159000.0,diesel,5.0,143.0,manual,MADRID,8800,10.0,0,BMW,0
VOLKSWAGEN,GOLF 2. 8 V6 4MOTION,2000.0,280000.0,gasolina,3.0,204.0,manual,MADRID,3999,21.0,0,VOLKSWAGEN,1
PEUGEOT,3008 1. 5 BLUEHDI 96KW SS GT EAT8,2021.0,0.0,diesel,5.0,130.0,automatico,MALAGA,33400,0.0,1,PEUGEOT,0
PEUGEOT,208 BLUEHDI 73KW 100CV ACTIVE,2020.0,0.0,diesel,5.0,100.0,manual,MALAGA,15900,1.0,1,PEUGEOT,0
MERCEDES-BENZ,CLASE E E 500 4MATIC AVANTGARDE AUTO,2007.0,163000.0,gasolina,4.0,388.0,automatico,ALICANTE,12490,14.0,0,MERCEDES-BENZ,0
MAZDA,CX7 2. 2 CRTD LUXURYSR,2011.0,238000.0,diesel,5.0,173.0,manual,PONTEVEDRA,7990,10.0,0,OUTRAS,0
TOYOTA,AVENSIS 2. 0 D4D EXECUTIVE,2005.0,174000.0,diesel,4.0,116.0,manual,VALLADOLID,5500,16.0,0,OUTRAS,0
FORD,MONDEO 2. 0 TDCI 140 GHIA,2007.0,210000.0,diesel,5.0,140.0,manual,ZARAGOZA,4999,14.0,0,FORD,0
PEUGEOT,308 5P ALLURE BLUEHDI 130 SS EAT8,2020.0,39800.0,diesel,5.0,130.0,automatico,MADRID,17490,1.0,0,PEUGEOT,0
OPEL,CROSSLAND X,2019.0,8000.0,gasolina,5.0,110.0,manual,MADRID,14500,2.0,0,OPEL,0
MINI,MINI ONE MINIMALISM LINE 75 CV,2010.0,160000.0,gasolina,3.0,75.0,manual,VALLADOLID,7900,11.0,0,OUTRAS,0
NISSAN,QASHQAI 2. 0 TEKNA 4X2,2009.0,160000.0,gasolina,5.0,140.0,manual,ZARAGOZA,6998,12.0,0,NISSAN,0
OPEL,INSIGNIA ST 1. 6 CDTI SS ECOFLEX 136 CV BUSINESS,2016.0,141000.0,diesel,5.0,136.0,manual,VALLADOLID,10500,5.0,0,OPEL,0
OPEL,VECTRA ELEGANCE 1. 9 CDTI 8V 120 CV,2006.0,245000.0,diesel,5.0,120.0,manual,ZARAGOZA,3299,15.0,0,OPEL,0
MERCEDES-BENZ,CLASE C C 220 BLUETEC SPORTIVE EXCLUSIVE ESTATE,2015.0,83000.0,diesel,5.0,170.0,automatico,OURENSE,20000,6.0,0,MERCEDES-BENZ,0
RENAULT,TALISMAN S. T. ZEN BLUE DCI 118KW 160CV EDC,2020.0,9703.0,diesel,5.0,160.0,automatico,CANTABRIA,24490,1.0,0,RENAULT,0
PORSCHE,911 CARRERA 4 COUPE,2001.0,192000.0,gasolina,2.0,320.0,manual,CASTELLON,30000,20.0,0,OUTRAS,0
PEUGEOT,308 SW ACTIVE 1. 6 BLUEHDI 88KW 120CV,2017.0,152000.0,diesel,5.0,120.0,manual,CASTELLON,10000,4.0,0,PEUGEOT,0
AUDI,A3 SPORTBACK 2. 0 TDI 150CV CLEAN D AMBITION,2014.0,127000.0,diesel,5.0,150.0,manual,PONTEVEDRA,16400,7.0,0,AUDI,0
HYUNDAI,KONA,2019.0,10852.0,diesel,5.0,115.0,manual,MALAGA,16900,2.0,0,HYUNDAI,0
PEUGEOT,206PLUS 1. 1 60CV GENERATION,2012.0,106085.0,gasolina,3.0,60.0,manual,CANTABRIA,4900,9.0,0,PEUGEOT,0
BMW,SERIE 2 ACTIVE TOURER 220DA,2015.0,61000.0,diesel,5.0,190.0,manual,PONTEVEDRA,16100,6.0,0,BMW,0
MERCEDES-BENZ,CLASE C C 200 CDI AVANTGARDE,2014.0,136000.0,diesel,4.0,136.0,manual,PONTEVEDRA,17100,7.0,0,MERCEDES-BENZ,0
VOLKSWAGEN,POLO ADVANCE 1. 0 TSI 70KW 95CV,2018.0,42000.0,gasolina,5.0,95.0,manual,LAS_PALMAS,10490,3.0,0,VOLKSWAGEN,0
BMW,SERIE 5 520D,2011.0,169000.0,diesel,4.0,184.0,manual,PONTEVEDRA,14400,10.0,0,BMW,0
RENAULT,MEGANE CONFORT DYNAMIQUE 1. 9DCI,2003.0,198000.0,diesel,5.0,120.0,manual,ZARAGOZA,2490,18.0,0,RENAULT,0
BMW,X5 3. 0D,2005.0,200000.0,diesel,5.0,218.0,automatico,VALLADOLID,9500,16.0,0,BMW,0
SSANGYONG,ACTYON 200XDI PROFESIONAL PREMIUM,2007.0,124000.0,diesel,5.0,141.0,manual,PONTEVEDRA,6900,14.0,0,OUTRAS,0
PEUGEOT,5008 SPORT PACK 2. 0 HDI 150 FAP,2010.0,183000.0,diesel,5.0,150.0,manual,PONTEVEDRA,10400,11.0,0,PEUGEOT,0
SKODA,FABIA COMBI 1. 6 TDI CR 90CV FAMILY,2012.0,110000.0,diesel,5.0,90.0,manual,VALLADOLID,6800,9.0,0,OUTRAS,0
VOLKSWAGEN,GOLF 2. 0 TSI 230CV DSG GTI PERFORMANCE BMT,2014.0,141000.0,gasolina,3.0,230.0,automatico,PONTEVEDRA,19500,7.0,0,VOLKSWAGEN,0
FORD,FOCUS 1. 6 TDCI 109 ECONETIC,2009.0,217000.0,diesel,5.0,109.0,manual,VALLADOLID,5900,12.0,0,FORD,0
PEUGEOT,308 CONFORT 1. 6 VTI 120,2008.0,174000.0,gasolina,5.0,120.0,manual,VALLADOLID,5600,13.0,0,PEUGEOT,0
HYUNDAI,IONIQ 1. 6 GDI PHEV TECNO DCT,2019.0,17890.0,híbrido,5.0,141.0,automatico,MALAGA,23000,2.0,0,HYUNDAI,0
ALFA ROMEO,GIULIA 2. 0 GME T4 206KW 280CV VELOCE ATX,2020.0,500.0,gasolina,4.0,280.0,automatico,VALENCIA,40000,1.0,0,OUTRAS,0
OPEL,ASTRA 1. 7 CDTI ENJOY,2006.0,138000.0,diesel,5.0,100.0,manual,VALLADOLID,4900,15.0,0,OPEL,0
PEUGEOT,508 SW ALLURE 2. 0 BLUEHDI 133KW 180CV AUTO,2017.0,129056.0,diesel,5.0,180.0,automatico,MADRID,15990,4.0,0,PEUGEOT,0
FORD,CMAX 1. 8 TDCI GHIA,2008.0,148000.0,diesel,5.0,115.0,manual,VALLADOLID,6500,13.0,0,FORD,0
PEUGEOT,3008 1. 5 BLUEHDI 96KW SS ALLURE PACK EAT8,2020.0,0.0,diesel,5.0,130.0,automatico,MALAGA,31900,1.0,1,PEUGEOT,0
PEUGEOT,208 PURETECH 73KW 100CV ALLURE,2020.0,0.0,gasolina,5.0,100.0,manual,MALAGA,15400,1.0,1,PEUGEOT,0
PEUGEOT,5008 1. 5 BLUEHDI 96KW 130CV SS ALLURE PACK,2021.0,0.0,diesel,5.0,130.0,manual,MALAGA,31300,0.0,1,PEUGEOT,0
NISSAN,PIXO 5P 1. 0G 68CV ACENTA,2012.0,106000.0,gasolina,5.0,68.0,manual,VALLADOLID,4900,9.0,0,NISSAN,0
OPEL,ADAM 1. 4 XEL ROCKS,2017.0,45810.0,gasolina,3.0,87.0,manual,LAS_PALMAS,8990,4.0,0,OPEL,0
BMW,X5 3. 0D,2002.0,290000.0,diesel,5.0,184.0,automatico,MADRID,4998,19.0,0,BMW,0
HYUNDAI,IONIQ 1. 6 GDI HEV TECNO DT,2019.0,15000.0,híbrido,5.0,141.0,automatico,MADRID,18590,2.0,0,HYUNDAI,0
PEUGEOT,2008 ALLURE 1. 2 PURETECH 110 SS EAT6,2016.0,81450.0,gasolina,5.0,110.0,automatico,MADRID,10500,5.0,0,PEUGEOT,0
HYUNDAI,TUCSON 1. 7 CRDI 115CV BLUEDRIVE KLASS 4X2,2016.0,75000.0,diesel,5.0,115.0,manual,MADRID,14500,5.0,0,HYUNDAI,0
HYUNDAI,I20 1. 2 MPI BLUEDRIVE TECNO,2015.0,60000.0,gasolina,5.0,84.0,manual,MADRID,8900,6.0,0,HYUNDAI,0
CITROEN,C8 2. 0 HDI 16V 120 PREMIER II,2007.0,202573.0,diesel,5.0,120.0,manual,CANTABRIA,6000,14.0,0,CITROEN,0
BMW,SERIE 7 730D,2013.0,110000.0,diesel,4.0,258.0,automatico,ZARAGOZA,23949,8.0,0,BMW,0
SEAT,LEON 1. 9 TDI 150CV FR,2004.0,190000.0,diesel,5.0,150.0,manual,VALLADOLID,5500,17.0,0,SEAT,0
AUDI,A3 1. 4 TFSI 122CV AMBITION,2012.0,131000.0,gasolina,3.0,122.0,manual,CASTELLON,10200,9.0,0,AUDI,0
MITSUBISHI,LANCER 2. 0 16V EVOLUTION MR,2011.0,59000.0,gasolina,4.0,295.0,automatico,ALICANTE,29990,10.0,0,OUTRAS,0
VOLKSWAGEN,POLO ADVANCE 1. 2 TSI 90CV BMT,2014.0,138000.0,gasolina,5.0,90.0,manual,LAS_PALMAS,5990,7.0,0,VOLKSWAGEN,0
CITROEN,C3 PICASSO HDI 90CV AIRDREAM ATTRACTION,2015.0,62500.0,diesel,5.0,92.0,manual,LA_CORUNA,9058,6.0,0,CITROEN,0
MERCEDES-BENZ,CLASE CLC CLC 220 CDI,2009.0,129000.0,diesel,3.0,150.0,automatico,PONTEVEDRA,10990,12.0,0,MERCEDES-BENZ,0
PEUGEOT,208 5P STYLE 1. 6 BLUEHDI 55KW 75CV,2017.0,67000.0,diesel,5.0,75.0,manual,CASTELLON,10000,4.0,0,PEUGEOT,0
BMW,SERIE 3 330D,2010.0,143000.0,diesel,2.0,245.0,manual,PONTEVEDRA,16200,11.0,0,BMW,0
VOLKSWAGEN,GOLF GTD 2. 0 TDI 184CV BMT,2015.0,183000.0,diesel,5.0,184.0,manual,CASTELLON,15400,6.0,0,VOLKSWAGEN,0
SEAT,LEON ST 2. 0 TDI 150CV STSP FR,2015.0,119000.0,diesel,5.0,150.0,manual,PONTEVEDRA,12500,6.0,0,SEAT,0
CITROEN,C4 AIRCROSS 1. 6 HDI 115CV SEDUCTION,2014.0,76590.0,diesel,5.0,114.0,manual,CANTABRIA,11990,7.0,0,CITROEN,0
OPEL,INSIGNIA 2. 0 CDTI 160 CV SPORT,2010.0,150332.0,diesel,5.0,160.0,manual,CANTABRIA,6990,11.0,0,OPEL,0
FIAT,FREEMONT URBAN 2. 0 16V 140CV DIESEL,2011.0,177879.0,diesel,5.0,140.0,manual,CANTABRIA,9990,10.0,0,FIAT,0
SEAT,IBIZA 1. 9 SDI REFERENCE,2004.0,230064.0,diesel,3.0,64.0,manual,CANTABRIA,3500,17.0,0,SEAT,0
PEUGEOT,308 5P ACTIVE 1. 6 HDI 92 FAP,2012.0,89688.0,diesel,5.0,92.0,manual,CANTABRIA,8500,9.0,0,PEUGEOT,0
CHEVROLET,CRUZE 2. 0 VCDI 16V LS,2010.0,140000.0,diesel,4.0,125.0,manual,ZARAGOZA,4500,11.0,0,OUTRAS,0
VOLKSWAGEN,GOLF R 2. 0 TSI 300CV BMT 4MOTION DSG,2014.0,107000.0,gasolina,5.0,300.0,automatico,PONTEVEDRA,25500,7.0,0,VOLKSWAGEN,0
KIA,NIRO 1. 6 GDI HEV 104KW 141CV DRIVE,2019.0,49187.0,híbrido,5.0,141.0,automatico,VALENCIA,16700,2.0,0,OUTRAS,0
BMW,SERIE 4 420D GRAN COUPE,2015.0,132000.0,diesel,5.0,190.0,automatico,PONTEVEDRA,20600,6.0,0,BMW,0
VOLKSWAGEN,GOLF GTD 2. 0 TDI 184CV BMT,2015.0,124000.0,diesel,5.0,184.0,manual,PONTEVEDRA,18500,6.0,0,VOLKSWAGEN,0
OPEL,INSIGNIA 2. 0 CDTI ECOFLEX 130 CV EDITION,2010.0,161000.0,diesel,5.0,130.0,manual,VALLADOLID,8900,11.0,0,OPEL,0
VOLKSWAGEN,SCIROCCO 2. 0 TDI 177CV BY RLINE,2013.0,134000.0,diesel,3.0,177.0,manual,PONTEVEDRA,14900,8.0,0,VOLKSWAGEN,0
AUDI,A4 2. 0 TDI 140CV,2008.0,164000.0,diesel,4.0,140.0,manual,PONTEVEDRA,10400,13.0,0,AUDI,0
RENAULT,MEGANE SEDAN LUXE DYNAMIQUE 1. 6 16V,2005.0,163000.0,gasolina,4.0,115.0,manual,VALLADOLID,3850,16.0,0,RENAULT,0
HYUNDAI,SANTA FE 2. 2 CRDI STYLE LIMITED AUTO 4X4,2019.0,36000.0,diesel,5.0,200.0,automatico,MALAGA,36300,2.0,0,HYUNDAI,0
SEAT,ALTEA 1. 9 TDI 105CV ARENA,2009.0,169000.0,diesel,5.0,105.0,manual,VALLADOLID,7500,12.0,0,SEAT,0
RENAULT,MEGANE DYNAMIQUE 1. 5DCI105,2007.0,131000.0,diesel,5.0,105.0,manual,MADRID,2999,14.0,0,RENAULT,0
AUDI,A8 4. 2 QUATTRO TIPTRONIC,2003.0,262000.0,gasolina,4.0,310.0,automatico,ALICANTE,7900,18.0,0,AUDI,0
OPEL,ADAM 1. 4 XEL ROCKS,2017.0,78840.0,gasolina,3.0,87.0,manual,LAS_PALMAS,9490,4.0,0,OPEL,0
OPEL,CORSA 1. 4 TURBO 110KW 150CV GSI SS,2019.0,33600.0,gasolina,3.0,150.0,manual,LAS_PALMAS,12990,2.0,0,OPEL,0
CITROEN,C4 CACTUS PURETECH 81KW 110CV SS SHINE,2018.0,40511.0,gasolina,5.0,110.0,manual,MADRID,10990,3.0,0,CITROEN,0
HYUNDAI,IX35 1. 7 CRDI BLUEDRIVE KOSMO KLASS 4X2,2015.0,116000.0,diesel,5.0,115.0,manual,MADRID,11900,6.0,0,HYUNDAI,0
HYUNDAI,I20 1. 0 TGDI 74KW 100CV 48V TECNO,2020.0,5000.0,híbrido,5.0,100.0,manual,MADRID,16200,1.0,0,HYUNDAI,0
VOLKSWAGEN,POLO 1. 6 TDI 90CV SPORT,2011.0,113000.0,diesel,3.0,90.0,manual,ALICANTE,7490,10.0,0,VOLKSWAGEN,0
PEUGEOT,206 CC 1. 6 HDI,2006.0,109780.0,diesel,2.0,110.0,manual,CANTABRIA,5990,15.0,0,PEUGEOT,0
CITROEN,XSARA 2. 0 HDI MAGIC,2004.0,253162.0,diesel,3.0,90.0,manual,CANTABRIA,2000,17.0,0,CITROEN,0
MINI,MINI COOPER D,2008.0,145000.0,diesel,3.0,110.0,manual,TARRAGONA,5990,13.0,0,OUTRAS,0
CITROEN,C1 1. 0 SX,2006.0,125000.0,gasolina,5.0,68.0,manual,CASTELLON,3300,15.0,0,CITROEN,0
OPEL,INSIGNIA 2. 0CDTI ECOFLEX STARSTOP 140 EXCELLENCE,2015.0,47000.0,diesel,4.0,140.0,manual,CASTELLON,11900,6.0,0,OPEL,0
FORD,FIESTA 1. 0 ECOBOOST 100CV TITANIUM 5P,2014.0,94000.0,gasolina,5.0,100.0,manual,CASTELLON,6800,7.0,0,FORD,0
FORD,MONDEO 2. 2 TDCI 175 GHIA X,2008.0,150000.0,diesel,5.0,175.0,manual,ZARAGOZA,6500,13.0,0,FORD,0
RENAULT,MEGANE ZEN ENERGY TCE 130,2016.0,42758.0,gasolina,5.0,130.0,manual,CANTABRIA,11990,5.0,0,RENAULT,0
NISSAN,MICRA IGT 74 KW 100 CV E6D ACENTA,2019.0,1432.0,gasolina,5.0,100.0,manual,CANTABRIA,11990,2.0,0,NISSAN,0
AUDI,A3 SPORTBACK 1. 6 TDI 105 STRONIC ATTRACTION,2011.0,219000.0,diesel,5.0,105.0,automatico,TARRAGONA,6700,10.0,0,AUDI,0
SKODA,SUPERB COMBI 2. 0 TDI CR 140CV ELEGANCE,2014.0,82000.0,diesel,5.0,140.0,manual,ZARAGOZA,12490,7.0,0,OUTRAS,0
BMW,SERIE 4 M4,2014.0,144000.0,gasolina,2.0,431.0,automatico,PONTEVEDRA,44200,7.0,0,BMW,0
HYUNDAI,SONATA 2. 0 CRDI VGT COMFORT II,2007.0,210000.0,diesel,4.0,140.0,manual,ZARAGOZA,3999,14.0,0,HYUNDAI,0
HYUNDAI,I30 1. 0 TGDI NLINE,2020.0,1.0,gasolina,5.0,120.0,manual,MALAGA,19400,1.0,0,HYUNDAI,0
BMW,SERIE 1 118D,2017.0,82432.0,diesel,5.0,150.0,automatico,CANTABRIA,17000,4.0,0,BMW,0
HYUNDAI,IONIQ 1. 6 GDI HEV KLASS DT,2019.0,17953.0,híbrido,5.0,141.0,automatico,MALAGA,16900,2.0,0,HYUNDAI,0
HYUNDAI,I20 1. 0 TGDI 74KW 100CV ESSENCE LE,2019.0,28078.0,gasolina,5.0,100.0,manual,MALAGA,10500,2.0,0,HYUNDAI,0
SEAT,LEON 1. 6 TDI 105CV REFERENCE COPA,2012.0,157757.0,diesel,5.0,105.0,manual,CANTABRIA,7500,9.0,0,SEAT,0
NISSAN,QASHQAI 1. 6DCI SS ACENTA 4X2,2017.0,153398.0,diesel,5.0,130.0,manual,CANTABRIA,12990,4.0,0,NISSAN,0
RENAULT,CLIO SPORT TOUR. EXP. ENERGY TCE 90 SS ECO2,2013.0,158935.0,gasolina,5.0,90.0,manual,CANTABRIA,6500,8.0,0,RENAULT,0
VOLVO,C30 1. 6 DRIVE MOMENTUM,2010.0,114000.0,diesel,3.0,115.0,manual,ZARAGOZA,7498,11.0,0,OUTRAS,0
CITROEN,C4 PICASSO 1. 6 HDI 90CV ATTRACTION,2014.0,74263.0,diesel,5.0,92.0,manual,CANTABRIA,10500,7.0,0,CITROEN,0
FORD,FUSION 1. 6 16V ELEGANCE,2005.0,136007.0,gasolina,5.0,100.0,manual,CANTABRIA,3500,16.0,0,FORD,0
PEUGEOT,308 SW SPORT 1. 6 VTI,2009.0,164231.0,gasolina,5.0,120.0,manual,CANTABRIA,5500,12.0,0,PEUGEOT,0
PEUGEOT,308 SPORT 1. 6 HDI 110 FAP 5 VELOCIDADES,2009.0,152302.0,diesel,5.0,110.0,manual,CANTABRIA,5500,12.0,0,PEUGEOT,0
FIAT,GRANDE PUNTO 1. 3 MULTIJET 16V 90 SPORT,2007.0,174000.0,diesel,3.0,90.0,manual,PONTEVEDRA,3990,14.0,0,FIAT,0
PEUGEOT,308 5P BUSINESS LINE BLUEHDI 100,2016.0,83000.0,diesel,5.0,100.0,manual,CASTELLON,11800,5.0,0,PEUGEOT,0
AUDI,A3 1. 6 FSI ATTRACTION,2004.0,185000.0,gasolina,3.0,115.0,manual,ZARAGOZA,4300,17.0,0,AUDI,0
BMW,SERIE 3 318I TOURING,2007.0,125000.0,gasolina,5.0,129.0,manual,TARRAGONA,7500,14.0,0,BMW,0
VOLKSWAGEN,GOLF EDITION 1. 6 TDI 85KW 115CV,2017.0,122000.0,diesel,5.0,115.0,manual,CASTELLON,13900,4.0,0,VOLKSWAGEN,0
PEUGEOT,2008 ALLURE PURETECH 130 SS EAT6,2019.0,29031.0,gasolina,5.0,130.0,automatico,ALICANTE,15100,2.0,0,PEUGEOT,0
PEUGEOT,2008 SIGNATURE 1. 2 PURETECH 60KW 82CV,2019.0,26998.0,gasolina,5.0,82.0,manual,ALICANTE,11500,2.0,0,PEUGEOT,0
VOLKSWAGEN,GOLF 2. 0 TDI 184CV DSG GTD BMT,2013.0,166000.0,diesel,3.0,184.0,automatico,PONTEVEDRA,15200,8.0,0,VOLKSWAGEN,0
BMW,SERIE 3 320D TOURING E91,2005.0,242000.0,diesel,5.0,163.0,manual,PONTEVEDRA,6800,16.0,0,BMW,0
BMW,SERIE 1 116I,2005.0,140000.0,gasolina,5.0,115.0,manual,VALLADOLID,7900,16.0,0,BMW,0
AUDI,A5 SPORTBACK 2. 0 TDI 170CV DPF,2010.0,161000.0,diesel,5.0,170.0,manual,PONTEVEDRA,14900,11.0,0,AUDI,0
VOLKSWAGEN,GOLF SPORT 2. 0 TDI 150CV BMT DSG,2013.0,141000.0,diesel,5.0,150.0,automatico,PONTEVEDRA,14200,8.0,0,VOLKSWAGEN,0
VOLKSWAGEN,GOLF SPORT 2. 0 TDI 150CV BMT,2014.0,153000.0,diesel,5.0,150.0,manual,PONTEVEDRA,14000,7.0,0,VOLKSWAGEN,0
HYUNDAI,TUCSON 1. 6 TGDI 130KW 177CV KLASS SKY 4X2,2020.0,1.0,gasolina,5.0,177.0,manual,MALAGA,23700,1.0,0,HYUNDAI,0
HYUNDAI,I30 1. 4 MPI ESSENCE,2020.0,1.0,gasolina,5.0,100.0,manual,MALAGA,15400,1.0,0,HYUNDAI,0
OPEL,CROSSLAND X,2019.0,11340.0,gasolina,5.0,110.0,automatico,VALENCIA,15250,2.0,0,OPEL,0
PEUGEOT,2008 STYLE BLUEHDI 73KW 100CV SS,2018.0,82200.0,diesel,5.0,100.0,manual,CASTELLON,11900,3.0,0,PEUGEOT,0
HYUNDAI,I30 I30 CW TGDI 1. 0 120CV KLASS MY19,2019.0,2433.0,gasolina,5.0,120.0,manual,MALAGA,14500,2.0,0,HYUNDAI,0
HYUNDAI,I30 1. 0 TGDI N LINE,2019.0,836.0,gasolina,5.0,120.0,manual,MALAGA,15900,2.0,0,HYUNDAI,0
BMW,SERIE 5 530D,2008.0,200000.0,diesel,4.0,235.0,automatico,VALLADOLID,12000,13.0,0,BMW,0
BMW,SERIE 3 320D GRAN TURISMO,2018.0,83000.0,diesel,5.0,190.0,automatico,PONTEVEDRA,29500,3.0,0,BMW,0
CITROEN,XANTIA 2. 0 HDI PLAISIR 90CV,2000.0,429000.0,diesel,5.0,90.0,manual,PONTEVEDRA,1250,21.0,0,CITROEN,1
KIA,CARENS 2. 0 CRDI EX,2003.0,152000.0,diesel,5.0,112.0,manual,MADRID,2800,18.0,0,OUTRAS,0
PEUGEOT,5008 1. 5 BLUEHDI 96KW 130CV SS ALLURE,2021.0,0.0,diesel,5.0,130.0,manual,MALAGA,31300,0.0,1,PEUGEOT,0
MERCEDES-BENZ,CLASE CLA CLA 200 D,2017.0,64000.0,diesel,4.0,136.0,automatico,ALICANTE,25400,4.0,0,MERCEDES-BENZ,0
CITROEN,GRAND C4 PICASSO BLUEHDI 150 AIRDREAM EXCLUSIVE,2016.0,80000.0,diesel,5.0,150.0,manual,ALICANTE,14990,5.0,0,CITROEN,0
AUDI,Q5 3. 0 TDI CLEAN 258CV QUATT S TRON S LINE,2015.0,111000.0,diesel,5.0,258.0,automatico,OURENSE,28000,6.0,0,AUDI,0
PEUGEOT,207 1. 6 16V XS,2007.0,30000.0,gasolina,3.0,110.0,manual,ZARAGOZA,5990,14.0,0,PEUGEOT,0
PORSCHE,911 CARRERA 4 COUPE,2001.0,140000.0,gasolina,2.0,320.0,manual,ALICANTE,32990,20.0,0,OUTRAS,0
PEUGEOT,308 5P ALLURE 1. 6 BLUEHDI 88KW 120CV EAT6,2017.0,71700.0,diesel,5.0,120.0,automatico,MADRID,13900,4.0,0,PEUGEOT,0
TOYOTA,AURIS 1. 8 140H HYBRID FEEL,2017.0,69200.0,híbrido,5.0,136.0,automatico,MADRID,12900,4.0,0,OUTRAS,0
HYUNDAI,TUCSON 1. 6 CRDI 85KW 116CV ESSENCE 4X2,2019.0,15000.0,diesel,5.0,116.0,manual,MADRID,17900,2.0,0,HYUNDAI,0
HYUNDAI,KONA,2020.0,10000.0,híbrido,5.0,204.0,automatico,MADRID,34990,1.0,0,HYUNDAI,0
PEUGEOT,3008 HYBRID,2020.0,21000.0,híbrido,5.0,300.0,automatico,MADRID,39900,1.0,0,PEUGEOT,0
RENAULT,MEGANE BUSINESS ENERGY DCI 81KW 110CV,2017.0,59865.0,diesel,5.0,110.0,manual,CANTABRIA,11500,4.0,0,RENAULT,0
BMW,SERIE 3 320D TOURING,2008.0,143490.0,diesel,5.0,177.0,automatico,CANTABRIA,8990,13.0,0,BMW,0
RENAULT,MEGANE ZEN BLUE DCI 85 KW 115CV EDC,2020.0,100.0,diesel,5.0,115.0,automatico,CANTABRIA,20490,1.0,0,RENAULT,0
OPEL,CORSA 1. 4 SELECTIVE 66KW 90CV,2018.0,47000.0,gasolina,5.0,90.0,manual,CASTELLON,8100,3.0,0,OPEL,0
AUDI,Q5 2. 0 TDI 177 QUATTRO S TRON AMBITION PLUS,2014.0,89000.0,diesel,5.0,177.0,automatico,LA_CORUNA,22468,7.0,0,AUDI,0
MERCEDES-BENZ,CLASE A A 200 D STYLE,2016.0,56000.0,diesel,5.0,136.0,automatico,CASTELLON,19000,5.0,0,MERCEDES-BENZ,0
PEUGEOT,308 5P ACTIVE 1. 6 BLUEHDI 88KW 120CV,2017.0,157000.0,diesel,5.0,120.0,manual,CASTELLON,10000,4.0,0,PEUGEOT,0
OPEL,CORSA ENJOY 1. 3 ECOFLEX,2008.0,160000.0,diesel,5.0,75.0,manual,VALLADOLID,5900,13.0,0,OPEL,0
SEAT,LEON 1. 6 TDI 105CV STSP REFERENCE,2014.0,82000.0,diesel,5.0,105.0,manual,ZARAGOZA,9790,7.0,0,SEAT,0
CITROEN,GRAND C4 PICASSO 2. 0 16V CMP EXCLUSIVE PLUS,2007.0,130000.0,gasolina,5.0,143.0,automatico,ZARAGOZA,4999,14.0,0,CITROEN,0
PEUGEOT,208 5P STYLE 1. 2L PURETECH 60KW 82CV,2017.0,54000.0,gasolina,5.0,82.0,manual,LAS_PALMAS,6990,4.0,0,PEUGEOT,0
MITSUBISHI,ASX 180 DID CHALLENGE,2011.0,188000.0,diesel,5.0,116.0,manual,CASTELLON,8200,10.0,0,OUTRAS,0
NISSAN,LEAF 5P 109 CV SPOILER,2012.0,121763.0,híbrido,5.0,109.0,manual,CANTABRIA,6000,9.0,0,NISSAN,0
CITROEN,DS4 1. 6 EHDI 115CV STT STYLE,2014.0,132025.0,diesel,5.0,114.0,manual,CANTABRIA,9990,7.0,0,CITROEN,0
MERCEDES-BENZ,CLASE A A 160 CDI ELEGANCE,2008.0,157000.0,diesel,5.0,82.0,manual,CASTELLON,6500,13.0,0,MERCEDES-BENZ,0
OPEL,CORSA SILVERLINE BASE 1. 3 CDTI,2006.0,97341.0,diesel,5.0,70.0,manual,CANTABRIA,4200,15.0,0,OPEL,0
OPEL,VECTRA COSMO 1. 9 CDTI 8V 120 CV,2005.0,120000.0,diesel,5.0,120.0,manual,VALLADOLID,5500,16.0,0,OPEL,0
MERCEDES-BENZ,CLASE C C 200 D,2019.0,22283.0,diesel,4.0,160.0,automatico,SEVILLA,31500,2.0,0,MERCEDES-BENZ,0
FIAT,500 1. 2 8V 69 CV LOUNGE,2012.0,96514.0,gasolina,3.0,69.0,manual,CANTABRIA,6800,9.0,0,FIAT,0
PEUGEOT,308 CONFORT 1. 6 HDI 90,2009.0,127067.0,diesel,5.0,90.0,manual,CANTABRIA,59990,12.0,0,PEUGEOT,0
OPEL,ASTRA TWIN TOP 1. 9 CDTI ENJOY,2006.0,197007.0,diesel,2.0,150.0,manual,CANTABRIA,5900,15.0,0,OPEL,0
RENAULT,CLIO GRAND TOUR DYNAMIQUE 1. 5DCI85ECO2,2008.0,222293.0,diesel,5.0,85.0,manual,CANTABRIA,3600,13.0,0,RENAULT,0
RENAULT,SCENIC DYNAMIQUE TCE 115,2014.0,103597.0,gasolina,5.0,115.0,manual,CANTABRIA,7990,7.0,0,RENAULT,0
OPEL,ASTRA 1. 7 CDTI 130 CV EXCELLENCE ST,2012.0,151934.0,diesel,5.0,130.0,manual,CANTABRIA,7800,9.0,0,OPEL,0
AUDI,A3 SPORTBACK 1. 4 TFSI S TRONIC ATTRACTION,2010.0,130118.0,gasolina,5.0,125.0,automatico,CANTABRIA,8500,11.0,0,AUDI,0
VOLKSWAGEN,TOURAN 2. 0 TDI 140CV ADVANCE,2011.0,145000.0,diesel,5.0,140.0,manual,CASTELLON,10900,10.0,0,VOLKSWAGEN,0
HYUNDAI,IONIQ 1. 6 GDI PHEV STYLE DCT,2017.0,68451.0,híbrido,5.0,141.0,automatico,MALAGA,18500,4.0,0,HYUNDAI,0
OPEL,INSIGNIA SPORTS TOURER 2. 0 CDTI 160 CV SPORT,2010.0,206952.0,diesel,5.0,160.0,manual,TARRAGONA,6950,11.0,0,OPEL,0
VOLKSWAGEN,GOLF ADVANCE 1. 6 TDI 105CV BMT,2014.0,154000.0,diesel,5.0,105.0,manual,CASTELLON,11500,7.0,0,VOLKSWAGEN,0
AUDI,S3 2. 0 TFSI QUATTRO S TRONIC SPORTBACK,2017.0,35000.0,gasolina,5.0,310.0,automatico,ALICANTE,38990,4.0,0,AUDI,0
BMW,SERIE 3 M3,2003.0,88000.0,gasolina,2.0,343.0,manual,ALICANTE,34990,18.0,0,BMW,0
OPEL,MOKKA X 1. 4 T 103KW 4X2 SS SELECTIVE,2018.0,25000.0,gasolina,5.0,140.0,manual,VALENCIA,10900,3.0,0,OPEL,0
FORD,FOCUS 1. 6 TDCI 95CV TREND,2012.0,84000.0,diesel,5.0,95.0,manual,VALLADOLID,8500,9.0,0,FORD,0
BMW,SERIE 1 120D,2014.0,133000.0,diesel,5.0,184.0,automatico,PONTEVEDRA,16800,7.0,0,BMW,0
BMW,SERIE 3 318D TOURING,2012.0,173685.0,diesel,5.0,143.0,manual,TARRAGONA,11999,9.0,0,BMW,0
BMW,SERIE 4 425D,2015.0,134000.0,diesel,2.0,218.0,manual,PONTEVEDRA,22500,6.0,0,BMW,0
PEUGEOT,308 5P GT PACK PURETECH 130 SS EAT8,2020.0,9000.0,gasolina,5.0,130.0,automatico,ALICANTE,19990,1.0,0,PEUGEOT,0
PEUGEOT,508 5P ACTIVE PURETECH 130KW 180 SS EAT8,2019.0,35.0,gasolina,5.0,180.0,automatico,CASTELLON,25900,2.0,0,PEUGEOT,0
HYUNDAI,SANTA FE 2. 2 CRDI STYLE AUTO 4X4 7S,2017.0,112859.0,diesel,5.0,200.0,automatico,MALAGA,22000,4.0,0,HYUNDAI,0
FORD,KUGA STLINE 2. 0 ECOBLUE MHEV 110KW 150CV,2020.0,10.0,híbrido,5.0,150.0,manual,MADRID,27900,1.0,0,FORD,0
FIAT,500 1. 3 16V MULTIJET 75 CV BY DIESEL,2009.0,114000.0,diesel,3.0,75.0,manual,VALLADOLID,6950,12.0,0,FIAT,0
RENAULT,KANGOO COMBI NUEVO KANGO COMBI PROFESIONAL DCI 90,2013.0,153000.0,diesel,4.0,90.0,manual,PONTEVEDRA,7500,8.0,0,RENAULT,0
JEEP,COMPASS 1. 4 MAIR 103KW SPORT 4X2,2020.0,0.0,gasolina,5.0,140.0,manual,VALENCIA,19670,1.0,1,OUTRAS,0
FIAT,PUNTO 1. 3 MULTIJET 16V FEEL,2006.0,160000.0,diesel,3.0,70.0,manual,VALLADOLID,4500,15.0,0,FIAT,0
RENAULT,MEGANE SP. TOU. BUSINESS ENERGY DCI 95 SS E6,2016.0,129000.0,diesel,5.0,95.0,manual,PONTEVEDRA,7500,5.0,0,RENAULT,0
RENAULT,ESPACE PRIVILEGE 2. 2 DCI 16V,2006.0,140000.0,diesel,5.0,150.0,manual,VALLADOLID,6350,15.0,0,RENAULT,0
OPEL,ZAFIRA 1. 7 CDTI ESSENTIA,2009.0,179000.0,diesel,5.0,110.0,manual,MADRID,3999,12.0,0,OPEL,0
PEUGEOT,207 SPORT 1. 6 HDI 110,2008.0,179000.0,diesel,3.0,110.0,manual,MADRID,3600,13.0,0,PEUGEOT,0
HYUNDAI,KONA,2020.0,7.0,híbrido,5.0,204.0,automatico,CADIZ,35900,1.0,0,HYUNDAI,0
PEUGEOT,3008 1. 5 BLUEHDI 96KW SS GT EAT8,2021.0,0.0,diesel,5.0,130.0,automatico,MALAGA,33200,0.0,1,PEUGEOT,0
PEUGEOT,208 PURETECH 73KW 100CV ACTIVE PACK,2021.0,0.0,gasolina,5.0,100.0,manual,MALAGA,14900,0.0,1,PEUGEOT,0
PEUGEOT,5008 1. 6 PURETECH 132KW SS GT PACK EAT8,2020.0,0.0,gasolina,5.0,180.0,automatico,MALAGA,37700,1.0,1,PEUGEOT,0
PEUGEOT,3008 HYBRID,2021.0,0.0,híbrido,5.0,225.0,automatico,MALAGA,34500,0.0,1,PEUGEOT,0
PEUGEOT,E2008,2020.0,0.0,híbrido,5.0,136.0,automatico,MALAGA,34000,1.0,1,PEUGEOT,0
OPEL,CORSA 1. 4 66KW 90CV DESIGN LINE,2019.0,40460.0,gasolina,5.0,90.0,manual,LAS_PALMAS,9490,2.0,0,OPEL,0
JEEP,RENEGADE 1. 0G 88KW LONGITUDE 4X2,2019.0,49230.0,gasolina,5.0,120.0,manual,LAS_PALMAS,15990,2.0,0,OUTRAS,0
SKODA,OCTAVIA COMBI 2. 0 TDI CR 184CV DSG RS,2016.0,89000.0,diesel,5.0,184.0,automatico,OURENSE,18500,5.0,0,OUTRAS,0
PEUGEOT,308 CC SPORT PACK 2. 0 HDI 140 FAP,2010.0,250000.0,diesel,2.0,140.0,manual,MADRID,5998,11.0,0,PEUGEOT,0
HYUNDAI,KONA,2020.0,5000.0,híbrido,5.0,204.0,automatico,MADRID,36690,1.0,0,HYUNDAI,0
VOLKSWAGEN,PASSAT 2. 0 TDI 140CV HIGHLINE BLUEMOTION TECH,2014.0,82000.0,diesel,4.0,140.0,manual,MADRID,12900,7.0,0,VOLKSWAGEN,0
PEUGEOT,508 ALLURE BLUEHDI 96KW130CV SS EAT8,2019.0,21170.0,diesel,5.0,130.0,automatico,MADRID,26690,2.0,0,PEUGEOT,0
HYUNDAI,IONIQ 1. 6 GDI HEV TECNO DCT CON TRAILER PACK,2018.0,60000.0,híbrido,5.0,141.0,automatico,MADRID,15500,3.0,0,HYUNDAI,0
PEUGEOT,E208,2020.0,10700.0,híbrido,5.0,136.0,automatico,MADRID,28950,1.0,0,PEUGEOT,0
PEUGEOT,508 5P GT HYBRID 225 EEAT8,2020.0,26000.0,híbrido,5.0,225.0,automatico,MADRID,38625,1.0,0,PEUGEOT,0
PEUGEOT,208 5P ALLURE 1. 6 EHDI 92,2015.0,166000.0,diesel,5.0,92.0,manual,ZARAGOZA,7900,6.0,0,PEUGEOT,0
SEAT,LEON 2. 0 TDI 140CV SPORT,2006.0,147000.0,diesel,5.0,140.0,manual,VALLADOLID,6500,15.0,0,SEAT,0
JAGUAR,XJ XJS CONVERTIBLE 4. 0,1994.0,115000.0,gasolina,2.0,223.0,automatico,ALICANTE,35990,27.0,0,OUTRAS,1
BMW,SERIE 4 420D GRAN COUPE,2016.0,176000.0,diesel,5.0,190.0,automatico,ALICANTE,17990,5.0,0,BMW,0
JAGUAR,SERIE XK XK8 4. 2 COUPE,2007.0,79000.0,gasolina,3.0,298.0,automatico,ALICANTE,24990,14.0,0,OUTRAS,0
JAGUAR,SERIE XK XKR COUPE,1999.0,85000.0,gasolina,2.0,370.0,automatico,ALICANTE,18990,22.0,0,OUTRAS,1
NISSAN,ALMERA TINO 2. 2DCI 112 ACENTA,2005.0,205559.0,diesel,5.0,112.0,manual,CANTABRIA,2500,16.0,0,NISSAN,0
FORD,CMAX 1. 0 ECOBOOST 125 AUTO STARTSTOP TREND,2012.0,119530.0,gasolina,5.0,125.0,manual,CANTABRIA,7800,9.0,0,FORD,0
SEAT,ALTEA 1. 6 TDI 105CV REFERENCE EECOMOTIVE,2011.0,169183.0,diesel,5.0,105.0,manual,CANTABRIA,6500,10.0,0,SEAT,0
MAZDA,CX3 2. 0 G 89KW 121CV 2WD AT EVOLUTION NAVI,2019.0,38000.0,gasolina,5.0,121.0,manual,ALICANTE,16800,2.0,0,OUTRAS,0
BMW,X6 M,2011.0,45000.0,gasolina,5.0,555.0,automatico,ALICANTE,41990,10.0,0,BMW,0
HYUNDAI,I30 1. 0 TGDI KLASS,2020.0,4061.0,gasolina,5.0,120.0,manual,CADIZ,15400,1.0,0,HYUNDAI,0
PEUGEOT,5008 CONFORT 1. 6 HDI 112 FAP,2011.0,137279.0,diesel,5.0,112.0,manual,CANTABRIA,8500,10.0,0,PEUGEOT,0
FORD,MONDEO 2. 0 TDCI 150CV BUSINESS SPORTBREAK,2015.0,85000.0,diesel,5.0,150.0,manual,ZARAGOZA,12850,6.0,0,FORD,0
HYUNDAI,I20 I20 1. 4 CRDI GL PBT COMFORT AA ESP,2011.0,189000.0,diesel,5.0,75.0,manual,ASTURIAS,4300,10.0,0,HYUNDAI,0
CITROEN,C4 1. 6 HDI 110 COLLECTION,2007.0,146000.0,diesel,5.0,110.0,manual,VALLADOLID,5900,14.0,0,CITROEN,0
LEXUS,CT 200H EXECUTIVE,2014.0,69000.0,híbrido,5.0,136.0,automatico,TARRAGONA,13500,7.0,0,OUTRAS,0
SKODA,OCTAVIA COMBI 2. 0 TDI CR 184CV DSG RS,2016.0,96000.0,diesel,5.0,184.0,automatico,OURENSE,19900,5.0,0,OUTRAS,0
CITROEN,BERLINGO 1. 6 HDI 115 SEDUCTION,2012.0,186000.0,diesel,5.0,114.0,manual,CASTELLON,9000,9.0,0,CITROEN,0
MERCEDES-BENZ,CLASE CLA CLA 200 D,2018.0,32000.0,diesel,4.0,136.0,automatico,ALICANTE,26890,3.0,0,MERCEDES-BENZ,0
SEAT,LEON 1. 5 ECOTSI 96KW 130CV STSP STYLE,2019.0,15058.0,gasolina,5.0,130.0,manual,CANTABRIA,14990,2.0,0,SEAT,0
OPEL,ASTRA 1. 6 CDTI 81KW 110CV BUSINESS,2017.0,57215.0,diesel,5.0,110.0,manual,CANTABRIA,11990,4.0,0,OPEL,0
PEUGEOT,308 CONFORT 1. 6 VTI 120,2008.0,155000.0,gasolina,5.0,120.0,manual,ZARAGOZA,4999,13.0,0,PEUGEOT,0
CHEVROLET,EPICA 2. 0 VCDI 16V LT,2008.0,189000.0,diesel,4.0,150.0,manual,ZARAGOZA,3999,13.0,0,OUTRAS,0
PEUGEOT,3008 1. 6BLUEHDI 88KW 120CV ALLURE SS,2017.0,60000.0,diesel,5.0,120.0,automatico,CASTELLON,20500,4.0,0,PEUGEOT,0
VOLKSWAGEN,BEETLE 2. 0 TDI 140CV DESIGN,2012.0,132000.0,diesel,3.0,140.0,manual,CASTELLON,10000,9.0,0,VOLKSWAGEN,0
SKODA,SUPERB 1. 9 TDI COLLECTION,2008.0,204000.0,diesel,4.0,115.0,manual,ALICANTE,3490,13.0,0,OUTRAS,0
FIAT,500 1. 2 8V 69 CV LOUNGE,2008.0,125000.0,gasolina,3.0,69.0,manual,CASTELLON,5800,13.0,0,FIAT,0
RENAULT,GRAND SCENIC DYNAMIQUE ENERGY DCI 130 SS 7P,2012.0,91789.0,diesel,5.0,130.0,manual,TARRAGONA,10999,9.0,0,RENAULT,0
HYUNDAI,IONIQ 1. 6 GDI HEV TECNO DCT,2019.0,8371.0,híbrido,5.0,141.0,automatico,MALAGA,18800,2.0,0,HYUNDAI,0
HYUNDAI,I40 1. 7 CRDI 136CV BLUEDRIVE TECNO,2013.0,350000.0,diesel,4.0,136.0,manual,ZARAGOZA,4950,8.0,0,HYUNDAI,0
BMW,SERIE 3 320D TOURING,2015.0,222000.0,diesel,5.0,184.0,manual,ALICANTE,12490,6.0,0,BMW,0
HYUNDAI,TUCSON 2. 0 CLASSIC 4X2,2009.0,105000.0,gasolina,5.0,142.0,manual,ZARAGOZA,6500,12.0,0,HYUNDAI,0
KIA,CARENS 1. 7 CRDI VGT 115CV CONCEPT ECODYNAM 5PL,2015.0,98000.0,diesel,5.0,115.0,manual,CASTELLON,12000,6.0,0,OUTRAS,0
VOLKSWAGEN,SHARAN 2. 0 TDI 140CV ADVANCE,2010.0,224000.0,diesel,5.0,140.0,manual,CASTELLON,11500,11.0,0,VOLKSWAGEN,0
PEUGEOT,2008 ALLURE 1. 6 BLUEHDI 88KW 120CV SS,2018.0,60844.0,diesel,5.0,120.0,manual,ALICANTE,13100,3.0,0,PEUGEOT,0
HYUNDAI,TUCSON 2. 0 CDRI STYLE 4X4,2005.0,150000.0,diesel,5.0,112.0,manual,ZARAGOZA,5800,16.0,0,HYUNDAI,0
FORD,BMAX 1. 0 ECOBOOST 100 TREND,2013.0,120000.0,gasolina,5.0,100.0,manual,ALICANTE,6990,8.0,0,FORD,0
RENAULT,MEGANE RENAULT SPORT 2. 0T,2004.0,138000.0,gasolina,3.0,225.0,manual,PONTEVEDRA,9300,17.0,0,RENAULT,0
BMW,SERIE 1 118D M SPORT EDITION,2013.0,124000.0,diesel,5.0,143.0,manual,PONTEVEDRA,14500,8.0,0,BMW,0
VOLKSWAGEN,TOUAREG 3. 0 V6 TDI 245 TIP PREMIUM BMOTION TECH,2013.0,158954.0,diesel,5.0,245.0,automatico,VIZCAYA,21800,8.0,0,VOLKSWAGEN,0
MERCEDES-BENZ,CLASE E COUPE E 220 CDI,2013.0,143900.0,diesel,2.0,170.0,automatico,PONTEVEDRA,17900,8.0,0,MERCEDES-BENZ,0
HYUNDAI,I30 1. 0 TGDI ESSENCE,2019.0,119.0,gasolina,5.0,120.0,manual,MALAGA,12900,2.0,0,HYUNDAI,0
HYUNDAI,I30 1. 0 TGDI NLINE,2019.0,2830.0,gasolina,5.0,120.0,manual,MALAGA,15900,2.0,0,HYUNDAI,0
HYUNDAI,IONIQ 1. 6 GDI PHEV TECNO DCT,2019.0,13235.0,híbrido,5.0,141.0,automatico,MALAGA,22900,2.0,0,HYUNDAI,0
CITROEN,C3 AIRCROSS,2020.0,5.0,gasolina,5.0,110.0,manual,SEVILLA,18195,1.0,0,CITROEN,0
FORD,KUGA 1. 6 ECOBOOST 150 ASS 4X2 TITANIUM,2015.0,128733.0,gasolina,5.0,150.0,manual,MADRID,12000,6.0,0,FORD,0
FORD,SMAX 2. 0 TDCI PANTHER 110KW TITANIUM,2020.0,20.0,diesel,5.0,150.0,manual,MADRID,25800,1.0,0,FORD,0
JEEP,COMPASS 1. 4 MAIR 125KW LIMITED 4X4 ATX,2019.0,3200.0,gasolina,5.0,170.0,automatico,VALENCIA,28500,2.0,0,OUTRAS,0
JEEP,RENEGADE NIGHT EAGLE II 1. 0G MT6 88KW 120CV 4X2,2020.0,200.0,gasolina,5.0,120.0,manual,VALENCIA,17900,1.0,0,OUTRAS,0
PEUGEOT,407 SPORT 1. 6 HDI 110CV FAP,2009.0,210000.0,diesel,4.0,110.0,manual,VALLADOLID,5900,12.0,0,PEUGEOT,0
AUDI,A4 3. 0 TDI QUATTRO TIPTRONIC AVANT,2006.0,170000.0,diesel,5.0,204.0,automatico,VALLADOLID,8900,15.0,0,AUDI,0
CITROEN,CELYSEE BLUEHDI 100CV EXCLUSIVE,2015.0,130000.0,diesel,4.0,100.0,manual,MADRID,6998,6.0,0,CITROEN,0
SKODA,OCTAVIA,2005.0,138500.0,diesel,5.0,105.0,manual,SEVILLA,4900,16.0,0,OUTRAS,0
HYUNDAI,I30 1. 4 MPI ESSENCE,2018.0,37000.0,gasolina,5.0,100.0,manual,MADRID,10990,3.0,0,HYUNDAI,0
OPEL,GRANDLAND X,2017.0,65000.0,diesel,5.0,120.0,manual,MADRID,14900,4.0,0,OPEL,0
KIA,CEED 1. 0 TGDI 74KW 100CV CONCEPT,2020.0,10.0,gasolina,5.0,100.0,manual,SEVILLA,13800,1.0,0,OUTRAS,0
FORD,ECOSPORT 1. 5 TDCI 73KW 100CV S S TREND,2018.0,27498.0,diesel,5.0,100.0,manual,CANTABRIA,13990,3.0,0,FORD,0
RENAULT,MEGANE ZEN BLUE DCI 85 KW 115CV,2020.0,11.0,diesel,5.0,115.0,manual,CANTABRIA,18990,1.0,0,RENAULT,0
BMW,SERIE 5 530XD,2007.0,360000.0,diesel,4.0,231.0,automatico,MADRID,6989,14.0,0,BMW,0
HYUNDAI,IONIQ 1. 6 GDI HEV TECNO DCT,2018.0,30000.0,híbrido,5.0,141.0,automatico,MADRID,18990,3.0,0,HYUNDAI,0
AUDI,Q3 2. 0 TDI 140CV QUATTRO S TRONIC AMBIENTE,2013.0,133000.0,diesel,5.0,140.0,automatico,MADRID,17500,8.0,0,AUDI,0
AUDI,Q3 2. 0 TDI 177CV QUATTRO S TRONIC ADVANCE,2012.0,106000.0,diesel,5.0,177.0,automatico,MADRID,16900,9.0,0,AUDI,0
OPEL,VIVARO 1. 6 CDTI SS 92KW L2 2. 9T COMBI PLUS9,2017.0,36500.0,diesel,4.0,125.0,manual,LAS_PALMAS,17490,4.0,0,OPEL,0
RENAULT,CAPTUR ZEN TCE GPF 96KW 130CV,2019.0,3896.0,gasolina,5.0,130.0,automatico,SALAMANCA,21000,2.0,0,RENAULT,0
FORD,FOCUS 1. 0 ECOBOOST MHEV 92KW STLINE,2021.0,1.0,híbrido,5.0,125.0,manual,SEGOVIA,18000,0.0,0,FORD,0
KIA,SPORTAGE 1. 6 GDI 97KW 132CV DRIVE 4X2,2019.0,11138.0,gasolina,5.0,132.0,manual,SEVILLA,17990,2.0,0,OUTRAS,0
SEAT,LEON ST 1. 6 TDI 85KW 115CV STSP STYLE,2017.0,75304.0,diesel,5.0,115.0,manual,CANTABRIA,12490,4.0,0,SEAT,0
MERCEDES-BENZ,CLASE C C 180 CGI BE AVANT. BLUE EFFICIENCY ED.,2010.0,66000.0,gasolina,4.0,156.0,manual,ALICANTE,11490,11.0,0,MERCEDES-BENZ,0
FORD,KAPLUS 1. 2 TIVCT 51KW ULTIMATE,2018.0,19000.0,gasolina,5.0,85.0,manual,SEGOVIA,7700,3.0,0,FORD,0
TOYOTA,LAND CRUISER 3. 0 D4D KX,2007.0,304657.0,diesel,5.0,166.0,manual,SALAMANCA,12000,14.0,0,OUTRAS,0
FORD,MONDEO 1. 5 TDCI 88KW 120CV BUSINESS,2017.0,97249.0,diesel,5.0,120.0,manual,VIZCAYA,12400,4.0,0,FORD,0
RENAULT,TALISMAN SPORT TOURER 1. 6 ZEN ENERGY DCI 130,2016.0,93072.0,diesel,5.0,130.0,manual,VIZCAYA,11740,5.0,0,RENAULT,0
OPEL,CABRIO 1. 6 T 125KW 170CV EXCELLENCE AUTO,2017.0,72626.0,gasolina,2.0,170.0,automatico,VIZCAYA,13560,4.0,0,OPEL,0
PEUGEOT,E208,2021.0,0.0,híbrido,5.0,136.0,automatico,MALAGA,27500,0.0,1,PEUGEOT,0
BMW,COMPACT 320TD COMPACT,2004.0,350000.0,diesel,3.0,150.0,manual,MADRID,2498,17.0,0,BMW,0
MERCEDES-BENZ,CLASE E E 220 D,2016.0,68000.0,diesel,4.0,194.0,automatico,MURCIA,36490,5.0,0,MERCEDES-BENZ,0
NISSAN,NOTE 5P. 1. 5DCI 90CV ACENTA,2016.0,123000.0,diesel,5.0,90.0,manual,GRANADA,6990,5.0,0,NISSAN,0
FIAT,500 LOUNGE 09 63KW 85 CV,2019.0,40890.0,gasolina,3.0,85.0,manual,LAS_PALMAS,9990,2.0,0,FIAT,0
DACIA,SANDERO AMBIANCE 1. 2 16V 75CV E5,2012.0,140000.0,gasolina,5.0,75.0,manual,MADRID,3498,9.0,0,OUTRAS,0
MINI,MINI ONE,2004.0,148000.0,gasolina,3.0,90.0,manual,BARCELONA,4900,17.0,0,OUTRAS,0
PEUGEOT,2008 ALLURE 1. 2 PURETECH 81KW 110CV SS,2017.0,51000.0,gasolina,5.0,110.0,manual,MADRID,11900,4.0,0,PEUGEOT,0
HYUNDAI,TUCSON 1. 7CRDI 85KW 115CV BD 25 ANIVERSA. 4X2,2018.0,35000.0,diesel,5.0,115.0,manual,MADRID,19500,3.0,0,HYUNDAI,0
FORD,FIESTA 1. 6 TDCI DPF TITANIUM,2011.0,105495.0,diesel,5.0,95.0,manual,MURCIA,6890,10.0,0,FORD,0
RENAULT,CLIO EXPRESSION 1. 2 16V 75CV 5P. ECO2,2009.0,45000.0,gasolina,5.0,75.0,manual,ZARAGOZA,5490,12.0,0,RENAULT,0
NISSAN,PRIMERA 1. 9 DCI VISIA,2006.0,170000.0,diesel,5.0,120.0,manual,MADRID,2998,15.0,0,NISSAN,0
FIAT,PANDA 1. 2 POP 51KW 69CV EU6,2017.0,62000.0,gasolina,5.0,69.0,manual,BALEARES,6600,4.0,0,FIAT,0
OPEL,GRANDLAND X,2019.0,11000.0,diesel,5.0,130.0,manual,JAEN,20900,2.0,0,OPEL,0
FORD,FOCUS CMAX 1. 6 TDCI TREND,2003.0,180000.0,diesel,5.0,109.0,manual,ZARAGOZA,2999,18.0,0,FORD,0
FIAT,500 LOUNGE 1. 2 8V 51KW 69 CV,2019.0,25900.0,gasolina,3.0,69.0,manual,VALENCIA,9000,2.0,0,FIAT,0
FORD,FIESTA 1. 0 ECOBOOST 100CV POWERSHIFT TREND 5P,2015.0,78000.0,gasolina,5.0,100.0,manual,CASTELLON,8500,6.0,0,FORD,0
RENAULT,CAPTUR ZEN BLUE DCI 85KW 115CV EDC,2020.0,11338.0,diesel,5.0,115.0,automatico,CANTABRIA,19990,1.0,0,RENAULT,0
OPEL,INSIGNIA GS 1. 6 CDTI 100KW TURBO D EXCELLENCE,2018.0,73790.0,diesel,5.0,136.0,manual,CANTABRIA,16490,3.0,0,OPEL,0
NISSAN,JUKE 1. 2 DIGT NTEC 4X2 EXT1 BLANCO,2014.0,135000.0,gasolina,5.0,115.0,manual,LLEIDA,9900,7.0,0,NISSAN,0
CITROEN,BERLINGO MULTISPACE LIVE BLUEHDI 75,2016.0,133000.0,diesel,4.0,75.0,manual,CIUDAD_REAL,7990,5.0,0,CITROEN,0
PEUGEOT,407 SW SPORT 2. 2 HDI 170CV FAP,2008.0,185000.0,diesel,5.0,170.0,manual,ZARAGOZA,4999,13.0,0,PEUGEOT,0
MERCEDES-BENZ,CLASE E CABRIO E 220 CDI,2014.0,122000.0,diesel,2.0,170.0,automatico,ZARAGOZA,24999,7.0,0,MERCEDES-BENZ,0
AUDI,A3 S LINE 30 TFSI 85KW S TRONIC SPORTBACK,2018.0,68657.0,gasolina,5.0,116.0,manual,VIZCAYA,18110,3.0,0,AUDI,0
RENAULT,KADJAR BUSINESS ENERGY DCI 81KW 110CV EDC,2018.0,97500.0,diesel,5.0,110.0,manual,VIZCAYA,13920,3.0,0,RENAULT,0
AUDI,A1 SPORTBACK 1. 0 TFSI ATTRACTION,2016.0,112833.0,gasolina,5.0,95.0,manual,VIZCAYA,12510,5.0,0,AUDI,0
SAAB,93 SPORT HATCH LINEAR SPORT 1. 9 TID,2007.0,100000.0,diesel,5.0,150.0,manual,MADRID,4998,14.0,0,OUTRAS,0
DACIA,SANDERO STEPWAY TCE 90,2014.0,65900.0,gasolina,5.0,90.0,manual,LAS_PALMAS,7490,7.0,0,OUTRAS,0
FIAT,500 0. 9 TURBO TWINAIR 77KW 105CV LOUNGE,2017.0,66420.0,gasolina,3.0,105.0,manual,LAS_PALMAS,8490,4.0,0,FIAT,0
SUZUKI,SWIFT 1. 2 GLE MILD HYBRID,2021.0,1.0,híbrido,5.0,83.0,manual,MADRID,13550,0.0,0,SUZUKI,0
BMW,SERIE 1 114I,2014.0,219000.0,gasolina,3.0,102.0,manual,TARRAGONA,8100,7.0,0,BMW,0
SUZUKI,SWACE,2020.0,1.0,híbrido,5.0,122.0,automatico,MADRID,20990,1.0,0,SUZUKI,0
SUZUKI,VITARA 1. 4 T GLE MID HYBRID,2020.0,1.0,híbrido,5.0,129.0,manual,MADRID,20190,1.0,0,SUZUKI,0
SUZUKI,VITARA 1. 4 T GLX MILD HYBRID,2020.0,1.0,híbrido,5.0,129.0,manual,MADRID,20690,1.0,0,SUZUKI,0
SEAT,IBIZA SC 1. 2 12V 70CV REFERENCE,2014.0,45000.0,gasolina,3.0,70.0,manual,MADRID,6900,7.0,0,SEAT,0
CITROEN,C4 PICASSO PURETECH 130 SS 6V INTENSIVE,2015.0,97000.0,gasolina,5.0,130.0,manual,MADRID,10490,6.0,0,CITROEN,0
HYUNDAI,I30 1. 6 GDI BLUEDRIVE TECNO,2014.0,100000.0,gasolina,5.0,135.0,manual,MADRID,9900,7.0,0,HYUNDAI,0
FORD,CMAX 1. 0 ECOBOOST 125 AUTO STARTST. TITANIUM,2018.0,61010.0,gasolina,5.0,125.0,manual,BARCELONA,12690,3.0,0,FORD,0
KIA,CARENS 1. 7 CRDI VGT 136CV EMOTION ECODYNAM 7PL,2015.0,39500.0,diesel,5.0,136.0,manual,MURCIA,14490,6.0,0,OUTRAS,0
KIA,STONIC,2019.0,11500.0,gasolina,5.0,120.0,manual,SEVILLA,16990,2.0,0,OUTRAS,0
RENAULT,TALISMAN ZEN BLUE DCI 110 KW 150CV,2019.0,18051.0,diesel,4.0,150.0,manual,CANTABRIA,21990,2.0,0,RENAULT,0
LAND-ROVER,RANGE ROVER VELAR,2020.0,7600.0,diesel,5.0,240.0,automatico,ALICANTE,65900,1.0,0,OUTRAS,0
NISSAN,QASHQAI DIGT 116 KW 160 CV E6D DCT NSTYLE,2020.0,3365.0,gasolina,5.0,158.0,manual,BARCELONA,20690,1.0,0,NISSAN,0
CITROEN,C3 AIRCROSS,2018.0,35022.0,diesel,5.0,102.0,manual,SEVILLA,15700,3.0,0,CITROEN,0
MAZDA,CX3 2. 0 SKYACTIV GE 88KW STYLE 2WD,2016.0,75457.0,gasolina,5.0,120.0,manual,LAS_PALMAS,11990,5.0,0,OUTRAS,0
RENAULT,TWINGO VIBES 60 KW R80 BATERIA 20KWH,2020.0,65.0,híbrido,5.0,82.0,automatico,CANTABRIA,19990,1.0,0,RENAULT,0
MERCEDES-BENZ,CLASE E E 300 BLUETEC HYBRID AVANTGARDE PLUS,2014.0,130000.0,híbrido,4.0,231.0,automatico,MADRID,22499,7.0,0,MERCEDES-BENZ,0
PEUGEOT,307 2. 0 HDI 90 XR,2002.0,340000.0,diesel,5.0,90.0,manual,MADRID,1298,19.0,0,PEUGEOT,0
CITROEN,C4 PICASSO 1. 6 HDI CMP EXCLUSIVE PLUS,2008.0,110000.0,diesel,5.0,110.0,automatico,BALEARES,5800,13.0,0,CITROEN,0
RENAULT,TALISMAN ZEN BLUE DCI 110 KW 150CV,2019.0,13361.0,diesel,4.0,150.0,manual,CANTABRIA,18990,2.0,0,RENAULT,0
PEUGEOT,508 SW ACTIVE PURETECH 132KW180CV SS EAT8,2020.0,1.0,gasolina,5.0,180.0,automatico,BARCELONA,22390,1.0,0,PEUGEOT,0
HYUNDAI,I10 1. 2 LINK,2018.0,95207.0,gasolina,5.0,87.0,manual,JAEN,6900,3.0,0,HYUNDAI,0
PEUGEOT,208 5P ACTIVE BLUEHDI 55KW 75CV,2018.0,68354.0,diesel,5.0,75.0,manual,BARCELONA,7990,3.0,0,PEUGEOT,0
PEUGEOT,308 5P ALLURE 1. 6 BLUEHDI 120,2016.0,98792.0,diesel,5.0,120.0,manual,BARCELONA,9790,5.0,0,PEUGEOT,0
KIA,CEED TOURER,2019.0,24200.0,diesel,5.0,136.0,automatico,SEVILLA,21990,2.0,0,OUTRAS,0
RENAULT,ZOE INTENS 80 KW R110 BATERIA 50KWH,2020.0,11539.0,híbrido,5.0,108.0,automatico,CANTABRIA,14490,1.0,0,RENAULT,0
PEUGEOT,208 PURETECH 73KW 100CV ALLURE,2020.0,22055.0,gasolina,5.0,100.0,manual,CANTABRIA,14290,1.0,0,PEUGEOT,0
PEUGEOT,308 SW BUSINESS LINE BLUEHDI 73KW 100CV,2018.0,76000.0,diesel,5.0,100.0,manual,CASTELLON,13000,3.0,0,PEUGEOT,0
FIAT,500 LOUNGE 1. 2 8V 51KW 69 CV,2019.0,19250.0,gasolina,3.0,69.0,manual,VALENCIA,9000,2.0,0,FIAT,0
FIAT,500 LOUNGE 1. 2 8V 51KW 69 CV,2019.0,22700.0,gasolina,3.0,69.0,manual,VALENCIA,9000,2.0,0,FIAT,0
AUDI,A3 30 TFSI 85KW 116CV S TRONIC SPORTBACK,2019.0,19807.0,gasolina,5.0,116.0,automatico,LLEIDA,23900,2.0,0,AUDI,0
MINI,MINI ONE D,2016.0,130155.0,diesel,3.0,95.0,manual,MADRID,11490,5.0,0,OUTRAS,0
PEUGEOT,2008 ALLURE 1. 6 BLUEHDI 88KW 120CV SS,2017.0,132000.0,diesel,5.0,120.0,manual,CASTELLON,12800,4.0,0,PEUGEOT,0
MERCEDES-BENZ,CLASE V 220 D CLASE V LARGO,2018.0,37967.0,diesel,4.0,163.0,automatico,BARCELONA,35900,3.0,0,MERCEDES-BENZ,0
PEUGEOT,308 CONFORT 1. 6 VTI 120,2008.0,135000.0,gasolina,5.0,120.0,manual,ZARAGOZA,5300,13.0,0,PEUGEOT,0
TOYOTA,RAV4 2. 2 D4D ADVANCE 4X2,2011.0,155000.0,diesel,5.0,150.0,manual,ZARAGOZA,9998,10.0,0,OUTRAS,0
VOLKSWAGEN,PASSAT VARIANT ADVANCE 2. 0 TDI 110KW150CV BMT,2016.0,182000.0,diesel,5.0,150.0,manual,CASTELLON,10900,5.0,0,VOLKSWAGEN,0
RENAULT,MEGANE S. T. BOSE BLUE DCI 85 KW 115CV EDC,2019.0,22073.0,diesel,5.0,115.0,automatico,CANTABRIA,17990,2.0,0,RENAULT,0
HYUNDAI,IX20 1. 4 MPI BLUEDRIVE 25 ANIVERSARIO,2018.0,18010.0,gasolina,5.0,90.0,manual,MADRID,11790,3.0,0,HYUNDAI,0
FIAT,500L 1. 6 16V MULTIJET II 105CV SS LOUNGE,2015.0,23000.0,diesel,5.0,105.0,manual,VALENCIA,12500,6.0,0,FIAT,0
FORD,KUGA STLINE X 2. 0 ECOBLUE MHEV 110KW 150CV,2020.0,10.0,híbrido,5.0,150.0,manual,SEGOVIA,27900,1.0,0,FORD,0
AUDI,S3,2018.0,35000.0,gasolina,,,automatico,ALICANTE,38990,3.0,0,AUDI,0
NISSAN,QASHQAI DCI 85 KW 115 CV E6D ACENTA,2019.0,19164.0,diesel,5.0,115.0,manual,JAEN,20500,2.0,0,NISSAN,0
SSANGYONG,RODIUS 270XDI LIMITED,2012.0,125000.0,diesel,5.0,165.0,manual,ZARAGOZA,9900,9.0,0,OUTRAS,0
BMW,SERIE 7 730LDA XDRIVE,2015.0,318000.0,diesel,4.0,265.0,automatico,ZARAGOZA,29999,6.0,0,BMW,0
MASERATI,GRANCABRIO 4. 7 V8 AUTOMATICO,2014.0,19000.0,gasolina,2.0,450.0,automatico,ALICANTE,73800,7.0,0,OUTRAS,0
SEAT,IBIZA 1. 0 55KW 75CV STYLE,2018.0,58630.0,gasolina,5.0,75.0,manual,VIZCAYA,9800,3.0,0,SEAT,0
CITROEN,C4 PICASSO BLUEHDI 100CV SS LIVE,2016.0,84752.0,diesel,5.0,99.0,manual,VIZCAYA,10600,5.0,0,CITROEN,0
HYUNDAI,I30 1. 0 TGDI TECNO TECH,2018.0,21000.0,gasolina,5.0,120.0,manual,VIZCAYA,13560,3.0,0,HYUNDAI,0
CITROEN,CELYSEE PURETECH 60KW 82CV SHINE,2018.0,82447.0,gasolina,4.0,82.0,manual,VIZCAYA,9010,3.0,0,CITROEN,0
PEUGEOT,E2008,2020.0,0.0,híbrido,5.0,136.0,automatico,MALAGA,30700,1.0,1,PEUGEOT,0
FORD,KUGA 2. 0 TDCI 2WD TREND,2010.0,127000.0,diesel,5.0,136.0,manual,MURCIA,11490,11.0,0,FORD,0
SSANGYONG,RODIUS 270XDI,2009.0,110000.0,diesel,5.0,165.0,manual,MADRID,6998,12.0,0,OUTRAS,0
TOYOTA,LAND CRUISER 90 3. 0 TD GX,1997.0,350000.0,diesel,5.0,125.0,manual,MADRID,6998,24.0,0,OUTRAS,1
HYUNDAI,I20 1. 2 MPI ESSENCE,2017.0,56700.0,gasolina,5.0,84.0,manual,LAS_PALMAS,7490,4.0,0,HYUNDAI,0
OPEL,CORSA 1. 4 COLOR EDITION 66KW 90CV,2017.0,78400.0,gasolina,5.0,90.0,manual,LAS_PALMAS,7990,4.0,0,OPEL,0
RENAULT,TWINGO GT TCE 81KW 110CV 18,2018.0,48085.0,gasolina,5.0,110.0,manual,LAS_PALMAS,9990,3.0,0,RENAULT,0
SUZUKI,VITARA 1. 4 T GLX MILD HYBRID,2020.0,1.0,híbrido,5.0,129.0,manual,MADRID,21400,1.0,0,SUZUKI,0
SUZUKI,VITARA 1. 4 T GLX MILD HYBRID,2020.0,1.0,híbrido,5.0,129.0,manual,MADRID,21790,1.0,0,SUZUKI,0
SUZUKI,SWACE,2020.0,2500.0,híbrido,5.0,122.0,automatico,MADRID,20690,1.0,0,SUZUKI,0
SUZUKI,SWIFT 1. 2 GLX MILD HYBRID CVT,2020.0,3000.0,híbrido,5.0,83.0,automatico,MADRID,15170,1.0,0,SUZUKI,0
VOLKSWAGEN,GOLF 2. 0 TSI 230CV DSG GTI PERFORMANCE BMT,2014.0,98000.0,gasolina,3.0,230.0,automatico,PONTEVEDRA,18990,7.0,0,VOLKSWAGEN,0
SUZUKI,SCROSS 1. 4 DITC GLX MID HYBRID,2020.0,1.0,híbrido,5.0,129.0,manual,MADRID,21400,1.0,0,SUZUKI,0
PEUGEOT,308 SW STYLE 1. 2 PURETECH 96KW 130CV SS,2017.0,104000.0,gasolina,5.0,130.0,manual,MADRID,10500,4.0,0,PEUGEOT,0
SUZUKI,ACROSS,2020.0,1.0,híbrido,5.0,306.0,automatico,MADRID,45890,1.0,0,SUZUKI,0
